idRuta,origen,destino
BOGBMG,BOG,BMG
SVIOCV,SVI,OCV
VUPAPO,VUP,APO
APOCUC,APO,CUC
9BEEYP,9BE,EYP
VVC7HG,VVC,7HG
GYMPVA,GYM,PVA
CUCOTU,CUC,OTU
BOG9AB,BOG,9AB
GYMIPI,GYM,IPI
PSOCLO,PSO,CLO
9CEEYP,9CE,EYP
GYMRCH,GYM,RCH
GYMAPO,GYM,APO
ACRSVI,ACR,SVI
9AKMVP,9AK,MVP
VVCFLA,VVC,FLA
EYP9CJ,EYP,9CJ
EYP7GD,EYP,7GD
CPLFLA,CPL,FLA
GYMTME,GYM,TME
AGBIBE,AGB,IBE
PSOVGP,PSO,VGP
7GDAPO,7GD,APO
SMRRCH,SMR,RCH
RVEVVC,RVE,VVC
PUUCUC,PUU,CUC
CTGFLA,CTG,FLA
ADZBOG,ADZ,BOG
EYPFLA,EYP,FLA
MMPMTR,MMP,MTR
EYPRCH,EYP,RCH
CLONQU,CLO,NQU
FLASMR,FLA,SMR
9CJEYP,9CJ,EYP
MTBBOG,MTB,BOG
CUCRAV,CUC,RAV
CIMVVC,CIM,VVC
PVAABT,PVA,ABT
EJA7NR,EJA,7NR
OCVOCV,OCV,OCV
7GDCLO,7GD,CLO
7GDCUC,7GD,CUC
PPNVVC,PPN,VVC
CUCRVE,CUC,RVE
PVAADZ,PVA,ADZ
7NTEYP,7NT,EYP
VVCMQU,VVC,MQU
BOGMGN,BOG,MGN
VVCUIB,VVC,UIB
CZUTLU,CZU,TLU
7GHPCR,7GH,PCR
EJAVUP,EJA,VUP
COGBOG,COG,BOG
RCHRCH,RCH,RCH
7GFVVC,7GF,VVC
GYMOCV,GYM,OCV
ATCBOG,ATC,BOG
NVAEJA,NVA,EJA
SVIMVP,SVI,MVP
7GCGYM,7GC,GYM
PCREJA,PCR,EJA
OCVCUC,OCV,CUC
FLABUN,FLA,BUN
PIPSMR,PIP,SMR
APOACD,APO,ACD
9ARMVP,9AR,MVP
OCVEJA,OCV,EJA
RCHCUC,RCH,CUC
7GCTDA,7GC,TDA
BOGACD,BOG,ACD
GYMNVA,GYM,NVA
PLTMTR,PLT,MTR
AUCPCR,AUC,PCR
CTGMGN,CTG,MGN
UIBEYP,UIB,EYP
GYM7GH,GYM,7GH
ADZPVA,ADZ,PVA
RAVAUC,RAV,AUC
VGPIBE,VGP,IBE
GYMCZU,GYM,CZU
RCHIBE,RCH,IBE
PIPEJA,PIP,EJA
HTZHTZ,HTZ,HTZ
9MWVVC,9MW,VVC
CLOADZ,CLO,ADZ
SMRVUP,SMR,VUP
FLATCO,FLA,TCO
VVCVGP,VVC,VGP
OTUCUC,OTU,CUC
GYMSNR,GYM,SNR
PZAGYM,PZA,GYM
GPIPPN,GPI,PPN
VVCPZA,VVC,PZA
TLUCTG,TLU,CTG
BUNSMR,BUN,SMR
EJAMGN,EJA,MGN
VVCSMR,VVC,SMR
AUCCUC,AUC,CUC
AUCRAV,AUC,RAV
GYMEJA,GYM,EJA
HTZGYM,HTZ,GYM
RCHUIB,RCH,UIB
ACRGYM,ACR,GYM
SNRSNR,SNR,SNR
PUUEJA,PUU,EJA
ELBMTR,ELB,MTR
BOGOTU,BOG,OTU
RCHBOG,RCH,BOG
CUCGYM,CUC,GYM
MTRAPO,MTR,APO
PLTCLO,PLT,CLO
PZACTG,PZA,CTG
GYMACD,GYM,ACD
OTUGYM,OTU,GYM
VVCPUU,VVC,PUU
CUCPZA,CUC,PZA
EJANVA,EJA,NVA
RAVPCR,RAV,PCR
PSOGPI,PSO,GPI
TCOCOG,TCO,COG
UIBURR,UIB,URR
7NTPCR,7NT,PCR
TCOGYM,TCO,GYM
BOGCUC,BOG,CUC
CZUVVC,CZU,VVC
MGNVUP,MGN,VUP
MGNEYP,MGN,EYP
PCRMVP,PCR,MVP
TMEMVP,TME,MVP
EYPTDA,EYP,TDA
IPITCO,IPI,TCO
AUCPUU,AUC,PUU
CLOIPI,CLO,IPI
EYPMVP,EYP,MVP
EYPAPO,EYP,APO
CTGADZ,CTG,ADZ
BOGTLU,BOG,TLU
AUCPZA,AUC,PZA
PUUPLT,PUU,PLT
BOGEYP,BOG,EYP
9DIVVC,9DI,VVC
SVIAUC,SVI,AUC
FLAGYM,FLA,GYM
EYPVUP,EYP,VUP
UIBSMR,UIB,SMR
MTBMTR,MTB,MTR
RCHCLO,RCH,CLO
TCOFLA,TCO,FLA
AUCNVA,AUC,NVA
9LQ9LQ,9LQ,9LQ
EYP7GH,EYP,7GH
BOGMVP,BOG,MVP
BOGBOG,BOG,BOG
UIBACD,UIB,ACD
ACDCZU,ACD,CZU
9LI9LI,9LI,9LI
GYMHTZ,GYM,HTZ
MFSACR,MFS,ACR
EYPVVC,EYP,VVC
VUPEJA,VUP,EJA
CTGSMR,CTG,SMR
PIPVVC,PIP,VVC
PSOPPN,PSO,PPN
VVCBAR,VVC,BAR
EJACIM,EJA,CIM
FLA7NT,FLA,7NT
VUPVVC,VUP,VVC
GYMSVI,GYM,SVI
VVCTDA,VVC,TDA
CZUMMP,CZU,MMP
BUNFLA,BUN,FLA
PVAPUU,PVA,PUU
EYPCTG,EYP,CTG
GYMPCR,GYM,PCR
NVAPTL,NVA,PTL
MGNEJA,MGN,EJA
EYP9CE,EYP,9CE
CLOCOG,CLO,COG
PCRAUC,PCR,AUC
CTG9BF,CTG,9BF
EYP9LI,EYP,9LI
MTRFLA,MTR,FLA
7NTBOG,7NT,BOG
BOGACR,BOG,ACR
CTGCZU,CTG,CZU
7HBEYP,7HB,EYP
UIBCZU,UIB,CZU
TCOEJA,TCO,EJA
TCOBOG,TCO,BOG
BOGMQU,BOG,MQU
PPNGPI,PPN,GPI
CLOBBA,CLO,BBA
7FUVVC,7FU,VVC
ELBBOG,ELB,BOG
EYPUIB,EYP,UIB
MQUPTL,MQU,PTL
MTRACD,MTR,ACD
RAVHTZ,RAV,HTZ
MVP9DI,MVP,9DI
GYMNQU,GYM,NQU
PTLPUU,PTL,PUU
SVITME,SVI,TME
GYM9BW,GYM,9BW
OCVEYP,OCV,EYP
MTBMVP,MTB,MVP
VVCMFS,VVC,MFS
MVPVVC,MVP,VVC
BOGPSO,BOG,PSO
MVPMVP,MVP,MVP
BUNBBA,BUN,BBA
AUCOCV,AUC,OCV
FLAIBE,FLA,IBE
GYMGPI,GYM,GPI
GPIBUN,GPI,BUN
UIBGPI,UIB,GPI
PIPCLO,PIP,CLO
SVIPTL,SVI,PTL
GPIIBE,GPI,IBE
MTRMTB,MTR,MTB
IBEPCR,IBE,PCR
CPLIBE,CPL,IBE
MVPBOG,MVP,BOG
MTRMTR,MTR,MTR
BBACLO,BBA,CLO
PUUFLA,PUU,FLA
BOGPLT,BOG,PLT
EYPCLO,EYP,CLO
IPIPPN,IPI,PPN
MTBVVC,MTB,VVC
EJABUN,EJA,BUN
GYMUIB,GYM,UIB
CUCVVC,CUC,VVC
NVACLO,NVA,CLO
PPNSVI,PPN,SVI
CTGEJU,CTG,EJU
UIBCLO,UIB,CLO
UIBAPO,UIB,APO
PPNBOG,PPN,BOG
9BWBOG,9BW,BOG
PCRBMG,PCR,BMG
PIPEYP,PIP,EYP
BBABOG,BBA,BOG
MTRPVA,MTR,PVA
BOGPCR,BOG,PCR
PPNCLO,PPN,CLO
VVCCTG,VVC,CTG
SMRCUC,SMR,CUC
IBEPUU,IBE,PUU
7GF7GF,7GF,7GF
9BWVVC,9BW,VVC
FLASVI,FLA,SVI
CLOEYP,CLO,EYP
MTRAUC,MTR,AUC
VVC9DI,VVC,9DI
CLOPLT,CLO,PLT
BOGPUU,BOG,PUU
PSOTCO,PSO,TCO
PSOPSO,PSO,PSO
APORVE,APO,RVE
9DIMVP,9DI,MVP
CTGELB,CTG,ELB
VVC9AT,VVC,9AT
TCOBUN,TCO,BUN
PTLBOG,PTL,BOG
EYP9BW,EYP,9BW
PPNPPN,PPN,PPN
ELBVUP,ELB,VUP
7GDEJA,7GD,EJA
RAVGYM,RAV,GYM
EYP9CU,EYP,9CU
NVAPZA,NVA,PZA
VVCGYM,VVC,GYM
MMPCTG,MMP,CTG
EJAPIP,EJA,PIP
NQUCLO,NQU,CLO
7GHGYM,7GH,GYM
TMECUC,TME,CUC
PUUVVC,PUU,VVC
BOGAPO,BOG,APO
CTGVVC,CTG,VVC
NVAPCR,NVA,PCR
PZAPCR,PZA,PCR
TMEAUC,TME,AUC
UIBUIB,UIB,UIB
PSOVVC,PSO,VVC
BOGPVA,BOG,PVA
BMGBOG,BMG,BOG
MTRCTG,MTR,CTG
PUUPPN,PUU,PPN
CZUEJA,CZU,EJA
CLOFLA,CLO,FLA
GYMVVC,GYM,VVC
ACDMTR,ACD,MTR
ELBCTG,ELB,CTG
RVENVA,RVE,NVA
NVACTG,NVA,CTG
MVPPCR,MVP,PCR
PLTBOG,PLT,BOG
CLOCLO,CLO,CLO
VVC7NS,VVC,7NS
CZUMGN,CZU,MGN
GYMFLA,GYM,FLA
PZA7HG,PZA,7HG
NVASVI,NVA,SVI
RAVBOG,RAV,BOG
BUNCZU,BUN,CZU
NVACZU,NVA,CZU
VVCTCO,VVC,TCO
PLTGYM,PLT,GYM
AUCVVC,AUC,VVC
RCHCTG,RCH,CTG
NVAVGP,NVA,VGP
RVEBOG,RVE,BOG
RVESMR,RVE,SMR
GPINVA,GPI,NVA
PLTPUU,PLT,PUU
EYPCPL,EYP,CPL
CLOPSO,CLO,PSO
GYMPIP,GYM,PIP
EJACLO,EJA,CLO
EJAPLT,EJA,PLT
PVABOG,PVA,BOG
CZUUIB,CZU,UIB
BOGCTG,BOG,CTG
TCOCLO,TCO,CLO
9ABBOG,9AB,BOG
PZAEYP,PZA,EYP
SMRMTR,SMR,MTR
UIBRCH,UIB,RCH
GYM9BB,GYM,9BB
EYPCZU,EYP,CZU
9LWEYP,9LW,EYP
OTUEJA,OTU,EJA
TMERAV,TME,RAV
EJAPUU,EJA,PUU
9CBBOG,9CB,BOG
MTRVVC,MTR,VVC
EYPCUC,EYP,CUC
PSOFLA,PSO,FLA
VGPPPN,VGP,PPN
TDA9CU,TDA,9CU
GYMIBE,GYM,IBE
VVCSVI,VVC,SVI
9CGEYP,9CG,EYP
PPNVGP,PPN,VGP
FLAVGP,FLA,VGP
7GD7GD,7GD,7GD
ZPSEJA,ZPS,EJA
RVERVE,RVE,RVE
EYPEYP,EYP,EYP
9CUTDA,9CU,TDA
NQUUIB,NQU,UIB
CLOIBE,CLO,IBE
9LQVVC,9LQ,VVC
VVCGPI,VVC,GPI
MGNELB,MGN,ELB
MVPMTR,MVP,MTR
BUNNQU,BUN,NQU
COGBBA,COG,BBA
TCOTCO,TCO,TCO
BOG7GD,BOG,7GD
NVAAUC,NVA,AUC
MMPEJA,MMP,EJA
IPIPTL,IPI,PTL
TDAVVC,TDA,VVC
BOGIBE,BOG,IBE
GYMPSO,GYM,PSO
BBANQU,BBA,NQU
VVCBUN,VVC,BUN
9ATVVC,9AT,VVC
GYMSMR,GYM,SMR
FLAFLA,FLA,FLA
SVINVA,SVI,NVA
FLAPUU,FLA,PUU
VVCMVP,VVC,MVP
CZUMTR,CZU,MTR
VGPEYP,VGP,EYP
NQUGYM,NQU,GYM
CLONVA,CLO,NVA
IPIPUU,IPI,PUU
EJAOTU,EJA,OTU
NVAMQU,NVA,MQU
GYMBMG,GYM,BMG
APOADZ,APO,ADZ
SVIIBE,SVI,IBE
EYPPZA,EYP,PZA
CZUCTG,CZU,CTG
9CCEYP,9CC,EYP
VVCCPL,VVC,CPL
APONQU,APO,NQU
PSOMQU,PSO,MQU
GPIGPI,GPI,GPI
CZUSMR,CZU,SMR
SVIPUU,SVI,PUU
APOCOG,APO,COG
7NTNVA,7NT,NVA
BOGTME,BOG,TME
UIBNQU,UIB,NQU
VVCEYP,VVC,EYP
RAVVVC,RAV,VVC
SVICPL,SVI,CPL
ACRMVP,ACR,MVP
BUNCUC,BUN,CUC
UIBCUC,UIB,CUC
IBEBOG,IBE,BOG
AUCTME,AUC,TME
UIBGYM,UIB,GYM
COGAPO,COG,APO
AGHVUP,AGH,VUP
TDA7GC,TDA,7GC
EYPSNR,EYP,SNR
NQUFLA,NQU,FLA
ADZCZU,ADZ,CZU
BMGMVP,BMG,MVP
BOGPZA,BOG,PZA
BOG7NT,BOG,7NT
GPIBOG,GPI,BOG
VGPCLO,VGP,CLO
CZUPLT,CZU,PLT
PVAPVA,PVA,PVA
VGPCUC,VGP,CUC
7GCPZA,7GC,PZA
MVPA01,MVP,A01
NVATLU,NVA,TLU
VVC7HB,VVC,7HB
CUCSMR,CUC,SMR
VGPFLA,VGP,FLA
NVAADZ,NVA,ADZ
PLTCZU,PLT,CZU
BMG9DI,BMG,9DI
NQUEJA,NQU,EJA
CUCNVA,CUC,NVA
CZUGYM,CZU,GYM
9BIEYP,9BI,EYP
RAV9CG,RAV,9CG
TMEGYM,TME,GYM
EJAVGP,EJA,VGP
BOGRCH,BOG,RCH
GYMVUP,GYM,VUP
PUUGYM,PUU,GYM
9CEPZA,9CE,PZA
PZA9CJ,PZA,9CJ
BBACOG,BBA,COG
AUCHTZ,AUC,HTZ
PZAAUC,PZA,AUC
ACDAPO,ACD,APO
RVEAUC,RVE,AUC
CPLVVC,CPL,VVC
EYPRVE,EYP,RVE
OCVUIB,OCV,UIB
NVAIPI,NVA,IPI
MQUIBE,MQU,IBE
CLOVGP,CLO,VGP
MVPACR,MVP,ACR
BUNGYM,BUN,GYM
PIPMTR,PIP,MTR
RCHADZ,RCH,ADZ
PPNFLA,PPN,FLA
ELBEJA,ELB,EJA
CLOBUN,CLO,BUN
SMRCTG,SMR,CTG
IBEVGP,IBE,VGP
PUUVGP,PUU,VGP
EJAOCV,EJA,OCV
EJAAGH,EJA,AGH
VUPPZA,VUP,PZA
CUCAGH,CUC,AGH
VVCCLO,VVC,CLO
APOCLO,APO,CLO
9CZEYP,9CZ,EYP
CLORCH,CLO,RCH
BBAUIB,BBA,UIB
BOGBUN,BOG,BUN
EJAGYM,EJA,GYM
SVICLO,SVI,CLO
9AOEYP,9AO,EYP
EYPIBE,EYP,IBE
MFSMFS,MFS,MFS
CUCMGN,CUC,MGN
BUNPSO,BUN,PSO
VVC9AB,VVC,9AB
BOGSMR,BOG,SMR
HTZAUC,HTZ,AUC
PTLCLO,PTL,CLO
CLOMVP,CLO,MVP
OCVCTG,OCV,CTG
UIBBOG,UIB,BOG
CLOBOG,CLO,BOG
PCREYP,PCR,EYP
BOGBBA,BOG,BBA
PCRPCR,PCR,PCR
TDABOG,TDA,BOG
9CU9CU,9CU,9CU
CIMEJA,CIM,EJA
MTRUIB,MTR,UIB
BOG9DB,BOG,9DB
EYPPIP,EYP,PIP
MGNTLU,MGN,TLU
PUUBOG,PUU,BOG
VUPBOG,VUP,BOG
NVANVA,NVA,NVA
SMRGYM,SMR,GYM
CZUVUP,CZU,VUP
MVPEJA,MVP,EJA
RCHEYP,RCH,EYP
VVCVVC,VVC,VVC
BUNVVC,BUN,VVC
BOGIPI,BOG,IPI
BOGEJA,BOG,EJA
PCRVVC,PCR,VVC
RVETME,RVE,TME
CLOSMR,CLO,SMR
VUPSMR,VUP,SMR
BUNUIB,BUN,UIB
VUPIBE,VUP,IBE
SMRVVC,SMR,VVC
PCRRAV,PCR,RAV
PSOEYP,PSO,EYP
CTGMTR,CTG,MTR
BOGCIM,BOG,CIM
VUPVUP,VUP,VUP
RAVCUC,RAV,CUC
VVC9AO,VVC,9AO
PUUPSO,PUU,PSO
MMPSMR,MMP,SMR
VVC9CI,VVC,9CI
MTBIBE,MTB,IBE
7GC7GC,7GC,7GC
CTGEYP,CTG,EYP
VUPEYP,VUP,EYP
GYMAUC,GYM,AUC
EJACTG,EJA,CTG
9CLAUC,9CL,AUC
EYPEJA,EYP,EJA
CUCCTG,CUC,CTG
7GDIBE,7GD,IBE
VVCSNR,VVC,SNR
MTRMVP,MTR,MVP
AGHCUC,AGH,CUC
RCHMTR,RCH,MTR
MMPELB,MMP,ELB
BOGTCO,BOG,TCO
BMGGYM,BMG,GYM
PPNGYM,PPN,GYM
OTUBOG,OTU,BOG
ARQAUC,ARQ,AUC
VVC7GF,VVC,7GF
ELBCZU,ELB,CZU
TCOIPI,TCO,IPI
CLOAUC,CLO,AUC
TLUMTR,TLU,MTR
TDAPZA,TDA,PZA
PSOBOG,PSO,BOG
EYP9AB,EYP,9AB
VGPPSO,VGP,PSO
BOGNQU,BOG,NQU
EYP9BI,EYP,9BI
EYP9LW,EYP,9LW
CLOEJA,CLO,EJA
MTRAFI,MTR,AFI
COGTCO,COG,TCO
VVCBMG,VVC,BMG
EYPGYM,EYP,GYM
NVAEYP,NVA,EYP
AGHBOG,AGH,BOG
7GFTME,7GF,TME
IBECPL,IBE,CPL
BOGCOG,BOG,COG
EYPPSO,EYP,PSO
TMEVVC,TME,VVC
ACDACD,ACD,ACD
EJA7NT,EJA,7NT
PSOIBE,PSO,IBE
VGPSVI,VGP,SVI
IPINVA,IPI,NVA
IBEPTL,IBE,PTL
CTGPVA,CTG,PVA
BUNGPI,BUN,GPI
BUNMTB,BUN,MTB
UIBBBA,UIB,BBA
APOBOG,APO,BOG
VVC9LQ,VVC,9LQ
CTGUIB,CTG,UIB
AUCPSO,AUC,PSO
7GFEYP,7GF,EYP
7HBVVC,7HB,VVC
EJAMTR,EJA,MTR
AUCVUP,AUC,VUP
EJAEJA,EJA,EJA
PZABOG,PZA,BOG
TCOIBE,TCO,IBE
AUCCLO,AUC,CLO
GYMPLT,GYM,PLT
BOGVVC,BOG,VVC
BOGNVA,BOG,NVA
VUPAGH,VUP,AGH
PSONVA,PSO,NVA
UIBPPN,UIB,PPN
IBEAUC,IBE,AUC
VVC7GC,VVC,7GC
ACRVVC,ACR,VVC
OTUMTR,OTU,MTR
PCR7GH,PCR,7GH
UIBTCO,UIB,TCO
BOGGYM,BOG,GYM
GYMMQU,GYM,MQU
TMETME,TME,TME
ACRFLA,ACR,FLA
EYPHTZ,EYP,HTZ
TCOPUU,TCO,PUU
CZUEYP,CZU,EYP
FLAAUC,FLA,AUC
GYMPPN,GYM,PPN
7GFPZA,7GF,PZA
GYMBUN,GYM,BUN
AUC7GH,AUC,7GH
EYPBMG,EYP,BMG
9BFBOG,9BF,BOG
VGPAUC,VGP,AUC
OCVNVA,OCV,NVA
BOGAUC,BOG,AUC
7HGPZA,7HG,PZA
CPLBOG,CPL,BOG
SVIBOG,SVI,BOG
VUPNVA,VUP,NVA
EYPSVI,EYP,SVI
PLTVGP,PLT,VGP
CLOMTR,CLO,MTR
7HG7HG,7HG,7HG
SVIEYP,SVI,EYP
9CUEYP,9CU,EYP
PTLNVA,PTL,NVA
VVC9BB,VVC,9BB
SVIGYM,SVI,GYM
CTGMMP,CTG,MMP
7NTVVC,7NT,VVC
ADZVUP,ADZ,VUP
VUPBMG,VUP,BMG
EJATCO,EJA,TCO
TMEHTZ,TME,HTZ
PZARAV,PZA,RAV
CUCAUC,CUC,AUC
SMR9BF,SMR,9BF
CUCBOG,CUC,BOG
7NSVVC,7NS,VVC
FLAEYP,FLA,EYP
COGCOG,COG,COG
TMENVA,TME,NVA
7NTEJA,7NT,EJA
MTRCZU,MTR,CZU
CZUCZU,CZU,CZU
7HFVVC,7HF,VVC
APOIGO,APO,IGO
GYMCTG,GYM,CTG
NVA7NT,NVA,7NT
ELBSMR,ELB,SMR
MQUEJA,MQU,EJA
RAVRAV,RAV,RAV
EJACUC,EJA,CUC
APOUIB,APO,UIB
AUCCZU,AUC,CZU
TCOVVC,TCO,VVC
CZUNVA,CZU,NVA
GYMPZA,GYM,PZA
HTZTME,HTZ,TME
PZATDA,PZA,TDA
PCRNVA,PCR,NVA
GYM7GF,GYM,7GF
BOG7NS,BOG,7NS
RVECUC,RVE,CUC
9BFVUP,9BF,VUP
MVPMMP,MVP,MMP
EYPBOG,EYP,BOG
FLANVA,FLA,NVA
AUCAUC,AUC,AUC
GYMMTR,GYM,MTR
BOG9BW,BOG,9BW
PPNVUP,PPN,VUP
NVABUN,NVA,BUN
NQUNQU,NQU,NQU
CLOCTG,CLO,CTG
VVCIBE,VVC,IBE
CLOUIB,CLO,UIB
MVPTME,MVP,TME
HTZRAV,HTZ,RAV
7GCTME,7GC,TME
MMPVUP,MMP,VUP
PZAVVC,PZA,VVC
BOGRVE,BOG,RVE
9BBVVC,9BB,VVC
7NS7NT,7NS,7NT
VVC7HF,VVC,7HF
EYP9BE,EYP,9BE
VUPMTR,VUP,MTR
7GC9CU,7GC,9CU
AUCTDA,AUC,TDA
CPLMQU,CPL,MQU
MGNBOG,MGN,BOG
UIBNVA,UIB,NVA
7HGEYP,7HG,EYP
BOGAGH,BOG,AGH
ELBELB,ELB,ELB
CLOVUP,CLO,VUP
RAVPZA,RAV,PZA
7GDVGP,7GD,VGP
UIBCOG,UIB,COG
BOGVUP,BOG,VUP
RVEEYP,RVE,EYP
PCRGYM,PCR,GYM
EJAADZ,EJA,ADZ
UIBBUN,UIB,BUN
VVCAPO,VVC,APO
BOG9BF,BOG,9BF
CUC7GD,CUC,7GD
NQUIBE,NQU,IBE
CTGEJA,CTG,EJA
UIBIBE,UIB,IBE
MGNCZU,MGN,CZU
MQUVVC,MQU,VVC
PSOIPI,PSO,IPI
BOGCZU,BOG,CZU
PUUCLO,PUU,CLO
IPICLO,IPI,CLO
IBECTG,IBE,CTG
IPIGYM,IPI,GYM
9BF9BF,9BF,9BF
CTGAGH,CTG,AGH
NVAPLT,NVA,PLT
MMPMMP,MMP,MMP
VVCAUC,VVC,AUC
7GHEYP,7GH,EYP
VVCMTR,VVC,MTR
AGHEJA,AGH,EJA
GYMGYM,GYM,GYM
VUPGYM,VUP,GYM
CTGTLU,CTG,TLU
CTGGYM,CTG,GYM
CLOVVC,CLO,VVC
FLACUC,FLA,CUC
MTRSMR,MTR,SMR
PVASVI,PVA,SVI
EYP7HB,EYP,7HB
TCOPPN,TCO,PPN
CUCCUC,CUC,CUC
CLOPPN,CLO,PPN
MVPEYP,MVP,EYP
CUCEYP,CUC,EYP
VVCMGN,VVC,MGN
7GDVUP,7GD,VUP
BMGVVC,BMG,VVC
IBEGYM,IBE,GYM
BOGMTB,BOG,MTB
GPITCO,GPI,TCO
CTGNVA,CTG,NVA
PUU7NS,PUU,7NS
GYMCUC,GYM,CUC
AUCEYP,AUC,EYP
EYP7HG,EYP,7HG
TMERVE,TME,RVE
TMEBOG,TME,BOG
PUUIPI,PUU,IPI
PTLGYM,PTL,GYM
IBEEYP,IBE,EYP
BOGMFS,BOG,MFS
CTGIBE,CTG,IBE
SMRELB,SMR,ELB
ADZGYM,ADZ,GYM
AUCSVI,AUC,SVI
CUCIBE,CUC,IBE
EYPRAV,EYP,RAV
CTGCUC,CTG,CUC
ADZSMR,ADZ,SMR
IBENVA,IBE,NVA
EJACZU,EJA,CZU
PZANVA,PZA,NVA
9BWEYP,9BW,EYP
CUCHTZ,CUC,HTZ
CTGAUC,CTG,AUC
9CG7GF,9CG,7GF
OTUCLO,OTU,CLO
PZA9LI,PZA,9LI
GYMPUU,GYM,PUU
7GFTDA,7GF,TDA
9BBEYP,9BB,EYP
NVARAV,NVA,RAV
VUPCLO,VUP,CLO
AGHELB,AGH,ELB
GYMVGP,GYM,VGP
RAVEYP,RAV,EYP
APOMTR,APO,MTR
7GFGYM,7GF,GYM
EYPPUU,EYP,PUU
BOGRAV,BOG,RAV
7NSCUC,7NS,CUC
BOGSVI,BOG,SVI
7NT7NS,7NT,7NS
EYPBAR,EYP,BAR
BOGUIB,BOG,UIB
EYP7GF,EYP,7GF
OCVGYM,OCV,GYM
CPLCPL,CPL,CPL
PSOEJA,PSO,EJA
EYPVGP,EYP,VGP
IBEPSO,IBE,PSO
AUCBOG,AUC,BOG
VVC9LI,VVC,9LI
EJA7GD,EJA,7GD
SVIVGP,SVI,VGP
HTZCUC,HTZ,CUC
PIPPSO,PIP,PSO
9CIAUC,9CI,AUC
7GDRVE,7GD,RVE
EJAEYP,EJA,EYP
MVPNVA,MVP,NVA
PTLVVC,PTL,VVC
MVP9AK,MVP,9AK
PUUIBE,PUU,IBE
EJASMR,EJA,SMR
IPIBOG,IPI,BOG
APORCH,APO,RCH
APOCZU,APO,CZU
CZUTCO,CZU,TCO
AUCRVE,AUC,RVE
CTGVUP,CTG,VUP
CLOPTL,CLO,PTL
TMEOCV,TME,OCV
VGPVVC,VGP,VVC
PLTNVA,PLT,NVA
VVCPIP,VVC,PIP
PUUMQU,PUU,MQU
VGPNVA,VGP,NVA
7NS7NS,7NS,7NS
PZAMVP,PZA,MVP
HTZPZA,HTZ,PZA
BARVVC,BAR,VVC
VGPPTL,VGP,PTL
TCOUIB,TCO,UIB
MVPCUC,MVP,CUC
TLUUIB,TLU,UIB
CZUELB,CZU,ELB
OCVBOG,OCV,BOG
VVC7NT,VVC,7NT
EJAVVC,EJA,VVC
EYP9AO,EYP,9AO
YPPEYP,YPP,EYP
MQUCPL,MQU,CPL
PPNBUN,PPN,BUN
VUPPSO,VUP,PSO
GPIUIB,GPI,UIB
CTGTME,CTG,TME
MQUTLU,MQU,TLU
GYM9CR,GYM,9CR
SMRCLO,SMR,CLO
CUCEJA,CUC,EJA
NVACPL,NVA,CPL
CUCRCH,CUC,RCH
ELBAGH,ELB,AGH
OCVAGH,OCV,AGH
TLUCZU,TLU,CZU
EYPAGH,EYP,AGH
TDAEYP,TDA,EYP
ADZADZ,ADZ,ADZ
7GDBOG,7GD,BOG
EYPTME,EYP,TME
GYMCLO,GYM,CLO
CUCGPI,CUC,GPI
NVAMGN,NVA,MGN
CUCVUP,CUC,VUP
NQUBBA,NQU,BBA
CTGBOG,CTG,BOG
IBEIBE,IBE,IBE
NVARVE,NVA,RVE
CZURCH,CZU,RCH
CLOTCO,CLO,TCO
PPNPSO,PPN,PSO
VUPRCH,VUP,RCH
BUNBUN,BUN,BUN
VVCCUC,VVC,CUC
BBABBA,BBA,BBA
BOGELB,BOG,ELB
IBEEJA,IBE,EJA
VVCAGH,VVC,AGH
PUUADZ,PUU,ADZ
TCONVA,TCO,NVA
TCOCZU,TCO,CZU
MTRBOG,MTR,BOG
AGHCTG,AGH,CTG
GYMRVE,GYM,RVE
A01MVP,A01,MVP
MTBSMR,MTB,SMR
VGPVGP,VGP,VGP
CTGRCH,CTG,RCH
ACRBOG,ACR,BOG
7GDCTG,7GD,CTG
VVC9CD,VVC,9CD
PIPGYM,PIP,GYM
PPNAUC,PPN,AUC
MTRADZ,MTR,ADZ
EYPPCR,EYP,PCR
SMRCZU,SMR,CZU
PTLFLA,PTL,FLA
BOGHTZ,BOG,HTZ
PPNIBE,PPN,IBE
CUCMTR,CUC,MTR
GYMCOG,GYM,COG
PPNIPI,PPN,IPI
7HFEYP,7HF,EYP
PPNTCO,PPN,TCO
EYP7HC,EYP,7HC
VUPCTG,VUP,CTG
PPNMTR,PPN,MTR
9AJMVP,9AJ,MVP
PTLPTL,PTL,PTL
9BWGYM,9BW,GYM
7NRBOG,7NR,BOG
FLAVVC,FLA,VVC
EYP7NS,EYP,7NS
PZAHTZ,PZA,HTZ
BOGFLA,BOG,FLA
MTRELB,MTR,ELB
MQUNVA,MQU,NVA
TME7GF,TME,7GF
VGPBOG,VGP,BOG
9CG9CG,9CG,9CG
GYMCIM,GYM,CIM
MVPPPN,MVP,PPN
FLAPTL,FLA,PTL
VVCPSO,VVC,PSO
PTLPPN,PTL,PPN
FLABOG,FLA,BOG
BOGMTR,BOG,MTR
MVP9AJ,MVP,9AJ
BOG7GH,BOG,7GH
PSOPUU,PSO,PUU
EJAUIB,EJA,UIB
VVCACR,VVC,ACR
PUUSVI,PUU,SVI
PTWEJA,PTW,EJA
CTGCTG,CTG,CTG
MTRRCH,MTR,RCH
TMEVUP,TME,VUP
NVACUC,NVA,CUC
SMRAUC,SMR,AUC
PSOADZ,PSO,ADZ
AUCRCH,AUC,RCH
9LIAUC,9LI,AUC
EJABOG,EJA,BOG
VVCRVE,VVC,RVE
VVCNVA,VVC,NVA
ACDUIB,ACD,UIB
FLATME,FLA,TME
MFSBOG,MFS,BOG
TMEPCR,TME,PCR
VVCA01,VVC,A01
EJAIBE,EJA,IBE
CTGBUN,CTG,BUN
MQUMQU,MQU,MQU
MTRCLO,MTR,CLO
UIBTLU,UIB,TLU
PCRTME,PCR,TME
VGPTCO,VGP,TCO
MTRMGN,MTR,MGN
VVCRCH,VVC,RCH
7NSIBE,7NS,IBE
NVAPUU,NVA,PUU
BMGBMG,BMG,BMG
RVEGYM,RVE,GYM
IPIPSO,IPI,PSO
MMPCZU,MMP,CZU
GYMMMP,GYM,MMP
9LIVVC,9LI,VVC
ADZAPO,ADZ,APO
PUUAUC,PUU,AUC
CPLGYM,CPL,GYM
EJAPTW,EJA,PTW
GYMMVP,GYM,MVP
EYPAUC,EYP,AUC
BUNCLO,BUN,CLO
CLOPUU,CLO,PUU
IPIVVC,IPI,VVC
VVCPTL,VVC,PTL
BOGATC,BOG,ATC
PCRRVE,PCR,RVE
BOGPIP,BOG,PIP
PCRBOG,PCR,BOG
NVASMR,NVA,SMR
TCOEYP,TCO,EYP
ELBMMP,ELB,MMP
VUPMGN,VUP,MGN
CTGPPN,CTG,PPN
7NTIBE,7NT,IBE
CTGPZA,CTG,PZA
ADZMTR,ADZ,MTR
BOGCLO,BOG,CLO
TDATDA,TDA,TDA
PZACPL,PZA,CPL
BUNPPN,BUN,PPN
9CRGYM,9CR,GYM
BUNBOG,BUN,BOG
SVIACR,SVI,ACR
7NT7NT,7NT,7NT
MVPMFS,MVP,MFS
GYMACR,GYM,ACR
PSOGYM,PSO,GYM
BOG9CB,BOG,9CB
VVCEJA,VVC,EJA
BOGCPL,BOG,CPL
OTUOTU,OTU,OTU
GYM7HF,GYM,7HF
VUP7GD,VUP,7GD
VGPGYM,VGP,GYM
MTRVUP,MTR,VUP
BARBAR,BAR,BAR
PZAUIB,PZA,UIB
OCVVUP,OCV,VUP
7HBPZA,7HB,PZA
NQUPZA,NQU,PZA
VVCBOG,VVC,BOG
CZUBOG,CZU,BOG
ADZCLO,ADZ,CLO
COGUIB,COG,UIB
TMEEYP,TME,EYP
NVATCO,NVA,TCO
RCHNVA,RCH,NVA
SVIFLA,SVI,FLA
PUUNVA,PUU,NVA
BOGOCV,BOG,OCV
SMREJA,SMR,EJA
MTRMMP,MTR,MMP
PLTPLT,PLT,PLT
GPIVVC,GPI,VVC
VVCCZU,VVC,CZU
GYMPTL,GYM,PTL
7NSBOG,7NS,BOG
CUCAPO,CUC,APO
MTRIGO,MTR,IGO
BOGTDA,BOG,TDA
9BBBOG,9BB,BOG
NVABOG,NVA,BOG
GPICLO,GPI,CLO
BBABUN,BBA,BUN
EJAAUC,EJA,AUC
UIBMTR,UIB,MTR
CIMBOG,CIM,BOG
EJUCTG,EJU,CTG
BUNIBE,BUN,IBE
9ABEYP,9AB,EYP
PUUEYP,PUU,EYP
AUCARQ,AUC,ARQ
IBECLO,IBE,CLO
VVCCIM,VVC,CIM
BMGEYP,BMG,EYP
MTRGYM,MTR,GYM
NVA7GF,NVA,7GF
7NTPIP,7NT,PIP
GYMEYP,GYM,EYP
AUCGYM,AUC,GYM
IPIVGP,IPI,VGP
PPNUIB,PPN,UIB
EYPNVA,EYP,NVA
TLUBOG,TLU,BOG
VVC7FU,VVC,7FU
CPLNVA,CPL,NVA
MVP9AR,MVP,9AR
9DBBOG,9DB,BOG
PTLIBE,PTL,IBE
VGPPUU,VGP,PUU
PUUPUU,PUU,PUU
VVCOCV,VVC,OCV
TCOPSO,TCO,PSO
PZATME,PZA,TME
IPIIPI,IPI,IPI
IBE7GD,IBE,7GD
CZUBUN,CZU,BUN
BOGGPI,BOG,GPI
BOGVGP,BOG,VGP
VVCPCR,VVC,PCR
MQUGYM,MQU,GYM
PCRIBE,PCR,IBE
TMESVI,TME,SVI
9AOVVC,9AO,VVC
GYMCPL,GYM,CPL
EJARCH,EJA,RCH
EYP7GC,EYP,7GC
IBESVI,IBE,SVI
MTRPLT,MTR,PLT
FLAMVP,FLA,MVP
VVCMTB,VVC,MTB
MVPGYM,MVP,GYM
CTGMTB,CTG,MTB
VUPTLU,VUP,TLU
MTREJA,MTR,EJA
UIBVVC,UIB,VVC
CIMGYM,CIM,GYM
SMRBOG,SMR,BOG
MQUBOG,MQU,BOG
CLOGYM,CLO,GYM
BOGPPN,BOG,PPN
7NSEYP,7NS,EYP
VUPCUC,VUP,CUC
MGNMTR,MGN,MTR
EYPMTR,EYP,MTR
CIMOCV,CIM,OCV
7GF7HG,7GF,7HG
UIBOTU,UIB,OTU
7HB7HB,7HB,7HB
PZA7GF,PZA,7GF
UIBEJA,UIB,EJA
PTLVGP,PTL,VGP
SVISVI,SVI,SVI
FLACLO,FLA,CLO
APOAPO,APO,APO
AUCEJA,AUC,EJA
CLOCUC,CLO,CUC
SNRGYM,SNR,GYM
PUUTCO,PUU,TCO
MFSVVC,MFS,VVC
NVAVVC,NVA,VVC
VVCTME,VVC,TME
CUCUIB,CUC,UIB
TCOVGP,TCO,VGP
BUNTCO,BUN,TCO
MFSMVP,MFS,MVP
MMPBOG,MMP,BOG
SMRNVA,SMR,NVA
MGNCTG,MGN,CTG
7GCEYP,7GC,EYP
VUPBUN,VUP,BUN
IBEGPI,IBE,GPI
9CBTME,9CB,TME
VVC7GH,VVC,7GH
RCHELB,RCH,ELB
GPIPSO,GPI,PSO
RCHVUP,RCH,VUP
IBEFLA,IBE,FLA
GYMBOG,GYM,BOG
AGHOCV,AGH,OCV
7GDEYP,7GD,EYP
AUC9CL,AUC,9CL
7GHVVC,7GH,VVC
CUCOCV,CUC,OCV
BOGADZ,BOG,ADZ
COGCLO,COG,CLO
CTGOCV,CTG,OCV
EYPTTM,EYP,TTM
9BFCTG,9BF,CTG
VVCVUP,VVC,VUP
NVA7NS,NVA,7NS
EYP7NT,EYP,7NT
HTZVVC,HTZ,VVC
VUPCZU,VUP,CZU
RCHGYM,RCH,GYM
PIPBOG,PIP,BOG
CLOCZU,CLO,CZU
PZA9CE,PZA,9CE
IBEMQU,IBE,MQU
SMRSMR,SMR,SMR
AFIPVA,AFI,PVA
VVCPPN,VVC,PPN
RCHEJA,RCH,EJA
EYP9CG,EYP,9CG
SMRPIP,SMR,PIP
GYMTCO,GYM,TCO
RAVTME,RAV,TME
MGNTCO,MGN,TCO
VUP9BF,VUP,9BF
NVAGYM,NVA,GYM
OCVELB,OCV,ELB
ABTPVA,ABT,PVA
NVAMTR,NVA,MTR
CTGCLO,CTG,CLO
VVCHTZ,VVC,HTZ
VUPFLA,VUP,FLA
EYP9CZ,EYP,9CZ
URRUIB,URR,UIB
9BBPUU,9BB,PUU
VVCRAV,VVC,RAV
MTBELB,MTB,ELB
IBEVVC,IBE,VVC
RCHSMR,RCH,SMR
MVPMTB,MVP,MTB
NVAIBE,NVA,IBE
TDA7HG,TDA,7HG
BOGMMP,BOG,MMP
NQUBOG,NQU,BOG
BOGPTW,BOG,PTW
ADZCTG,ADZ,CTG
EYP9CC,EYP,9CC
CLOPIP,CLO,PIP
CPLPTL,CPL,PTL
UIB7GD,UIB,7GD
CUCCLO,CUC,CLO
PZA9CI,PZA,9CI
PZAEJA,PZA,EJA
MTRCUC,MTR,CUC
TMEIBE,TME,IBE
PSOVUP,PSO,VUP
9CU7GC,9CU,7GC
TLUTLU,TLU,TLU
BUNNVA,BUN,NVA
PPNSMR,PPN,SMR
IBEMTR,IBE,MTR
VGPIPI,VGP,IPI
CLOGPI,CLO,GPI
SNRVVC,SNR,VVC
ACRACR,ACR,ACR
IGOMTR,IGO,MTR
PUUPTL,PUU,PTL
NVAPPN,NVA,PPN
MVPBMG,MVP,BMG
CUCPSO,CUC,PSO
9AJVVC,9AJ,VVC
PCRSNR,PCR,SNR
SVIVVC,SVI,VVC
CUCTME,CUC,TME
BOGPTL,BOG,PTL
HTZEYP,HTZ,EYP
IBEUIB,IBE,UIB
NVAFLA,NVA,FLA
EJAMQU,EJA,MQU
9CGRAV,9CG,RAV
EYP7HF,EYP,7HF
MGNMMP,MGN,MMP
AUC9AB,AUC,9AB
7GHBOG,7GH,BOG
PZAPZA,PZA,PZA
TCOGPI,TCO,GPI
RVECLO,RVE,CLO
